{
	"question1": 
	{
    "question_id": 1,
       "question_header": "Drag and drop to rank",
       "question_text": "How do your peers rank risks when initiating anticoagulation therapy?",
       "answers": [
       { "answer": "Systemic Coagulation", "score": 3.5},
       { "answer": "Bleeding Risk", "score": 2.0 },
       { "answer": "Stroke Risk", "score": 1.5 },
       { "answer": "Mortality Risk", "score": 2.9 }
       ],
       "result_header": "How Your Peers Responded"
    },
    "question2": 
    {
    "question_id": 2,
       "question_header": "Pop the bubbles",
       "question_text": "What considerations are your peers LEAST likely to make when initiating anticoagulants?",
       "answers": [
       { "answer": "Bleeding Risk", "score": 89},
       { "answer": "Stroke Risk", "score": 94},
       { "answer": "Mortality Risk", "score":  48},
       {"answer": "Adherence", "score": 14},
       { "answer": "INR/PT test", "score": 38}
       ],
       "result_header": "How Your Peers Responded"
        
    }
}